train\An/1.png;0
train\An/10.png;0
train\An/11.png;0
train\An/12.png;0
train\An/13.png;0
train\An/14.png;0
train\An/15.png;0
train\An/16.png;0
train\An/17.png;0
train\An/18.png;0
train\An/19.png;0
train\An/2.png;0
train\An/20.png;0
train\An/21.png;0
train\An/22.png;0
train\An/23.png;0
train\An/3.png;0
train\An/4.png;0
train\An/5.png;0
train\An/6.png;0
train\An/7.png;0
train\An/8.png;0
train\An/9.png;0
train\Bao/1.png;1
train\Bao/10.png;1
train\Bao/11.png;1
train\Bao/12.png;1
train\Bao/13.png;1
train\Bao/14.png;1
train\Bao/15.png;1
train\Bao/16.png;1
train\Bao/17.png;1
train\Bao/18.png;1
train\Bao/19.png;1
train\Bao/2.png;1
train\Bao/20.png;1
train\Bao/3.png;1
train\Bao/4.png;1
train\Bao/5.png;1
train\Bao/6.png;1
train\Bao/7.png;1
train\Bao/8.png;1
train\Bao/9.png;1
train\Chien/1.png;2
train\Chien/10.png;2
train\Chien/11.png;2
train\Chien/12.png;2
train\Chien/13.png;2
train\Chien/14.png;2
train\Chien/15.png;2
train\Chien/16.png;2
train\Chien/17.png;2
train\Chien/18.png;2
train\Chien/19.png;2
train\Chien/2.png;2
train\Chien/20.png;2
train\Chien/3.png;2
train\Chien/4.png;2
train\Chien/5.png;2
train\Chien/6.png;2
train\Chien/7.png;2
train\Chien/8.png;2
train\Chien/9.png;2
train\CoOanh/1.png;3
train\CoOanh/10.png;3
train\CoOanh/11.png;3
train\CoOanh/12.png;3
train\CoOanh/13.png;3
train\CoOanh/14.png;3
train\CoOanh/15.png;3
train\CoOanh/16.png;3
train\CoOanh/17.png;3
train\CoOanh/18.png;3
train\CoOanh/19.png;3
train\CoOanh/2.png;3
train\CoOanh/20.png;3
train\CoOanh/21.png;3
train\CoOanh/22.png;3
train\CoOanh/23.png;3
train\CoOanh/24.png;3
train\CoOanh/25.png;3
train\CoOanh/26.png;3
train\CoOanh/3.png;3
train\CoOanh/4.png;3
train\CoOanh/5.png;3
train\CoOanh/6.png;3
train\CoOanh/7.png;3
train\CoOanh/8.png;3
train\CoOanh/9.png;3
train\Hieu/1.png;4
train\Hieu/10.png;4
train\Hieu/11.png;4
train\Hieu/12.png;4
train\Hieu/13.png;4
train\Hieu/14.png;4
train\Hieu/15.png;4
train\Hieu/16.png;4
train\Hieu/17.png;4
train\Hieu/18.png;4
train\Hieu/19.png;4
train\Hieu/2.png;4
train\Hieu/20.png;4
train\Hieu/3.png;4
train\Hieu/4.png;4
train\Hieu/5.png;4
train\Hieu/6.png;4
train\Hieu/7.png;4
train\Hieu/8.png;4
train\Hieu/9.png;4
train\HieuVu/1.png;5
train\HieuVu/10.png;5
train\HieuVu/11.png;5
train\HieuVu/12.png;5
train\HieuVu/13.png;5
train\HieuVu/14.png;5
train\HieuVu/15.png;5
train\HieuVu/16.png;5
train\HieuVu/17.png;5
train\HieuVu/18.png;5
train\HieuVu/19.png;5
train\HieuVu/2.png;5
train\HieuVu/20.png;5
train\HieuVu/3.png;5
train\HieuVu/4.png;5
train\HieuVu/5.png;5
train\HieuVu/6.png;5
train\HieuVu/7.png;5
train\HieuVu/8.png;5
train\HieuVu/9.png;5
train\Thu/1.png;6
train\Thu/10.png;6
train\Thu/11.png;6
train\Thu/12.png;6
train\Thu/13.png;6
train\Thu/14.png;6
train\Thu/15.png;6
train\Thu/16.png;6
train\Thu/17.png;6
train\Thu/18.png;6
train\Thu/19.png;6
train\Thu/2.png;6
train\Thu/20.png;6
train\Thu/3.png;6
train\Thu/4.png;6
train\Thu/5.png;6
train\Thu/6.png;6
train\Thu/7.png;6
train\Thu/8.png;6
train\Thu/9.png;6
train\VuAnh/1.png;7
train\VuAnh/10.png;7
train\VuAnh/11.png;7
train\VuAnh/12.png;7
train\VuAnh/13.png;7
train\VuAnh/14.png;7
train\VuAnh/15.png;7
train\VuAnh/16.png;7
train\VuAnh/2.png;7
train\VuAnh/22.png;7
train\VuAnh/23.png;7
train\VuAnh/24.png;7
train\VuAnh/3.png;7
train\VuAnh/30.png;7
train\VuAnh/4.png;7
train\VuAnh/5.png;7
train\VuAnh/6.png;7
train\VuAnh/7.png;7
train\VuAnh/8.png;7
train\VuAnh/9.png;7
